NAME	GS<br> follow link to MSigDB	GS DETAILS	SIZE	ES	NES	NOM p-val	FDR q-val	FWER p-val	RANK AT MAX	LEADING EDGE	
HOWARD_MONOCYTE_INACT_MONOV_INFLUENZA_A_INDONESIA_05_2005_H5N1_AGE_18_49YO_1DY_UP	HOWARD_MONOCYTE_INACT_MONOV_INFLUENZA_A_INDONESIA_05_2005_H5N1_AGE_18_49YO_1DY_UP	Details ...	229	-0.6772297	-2.4569364	0.0	0.0	0.0	2868	tags=45%, list=10%, signal=50%	
SCHERER_PBMC_APSV_WETVAX_AGE_18_32YO_2_TO_4DY_UP	SCHERER_PBMC_APSV_WETVAX_AGE_18_32YO_2_TO_4DY_UP	Details ...	63	-0.8214548	-2.381713	0.0	0.0	0.0	1648	tags=57%, list=6%, signal=61%	
NAKAYA_PBMC_FLUARIX_FLUVIRIN_AGE_18_50YO_CORRELATED_WITH_HAI_28DY_RESPONSE_AT_3DY_POSITIVE	NAKAYA_PBMC_FLUARIX_FLUVIRIN_AGE_18_50YO_CORRELATED_WITH_HAI_28DY_RESPONSE_AT_3DY_POSITIVE	Details ...	423	-0.6290627	-2.3010416	0.0	0.0	0.0	3645	tags=41%, list=13%, signal=46%	
HOWARD_PBMC_INACT_MONOV_INFLUENZA_A_INDONESIA_05_2005_H5N1_AGE_19_39YO_AS03_ADJUVANT_VS_BUFFER_1DY_UP	HOWARD_PBMC_INACT_MONOV_INFLUENZA_A_INDONESIA_05_2005_H5N1_AGE_19_39YO_AS03_ADJUVANT_VS_BUFFER_1DY_UP	Details ...	373	-0.79683733	-2.288623	0.0	0.0	0.0	2800	tags=64%, list=10%, signal=70%	
HOEK_NK_CELL_2011_2012_TIV_3D_VS_0DY_ADULT_3D_DN	HOEK_NK_CELL_2011_2012_TIV_3D_VS_0DY_ADULT_3D_DN	Details ...	253	-0.7819716	-2.2882829	0.0	0.0	0.0	1531	tags=54%, list=5%, signal=56%	
GARCIA_PINERES_PBMC_HPV_16_L1_VLP_AGE_18_25YO_STIMULATED_VS_UNSTIMULATED_0DY_VACCINATION_INDEPENDENT_UP	GARCIA_PINERES_PBMC_HPV_16_L1_VLP_AGE_18_25YO_STIMULATED_VS_UNSTIMULATED_0DY_VACCINATION_INDEPENDENT_UP	Details ...	245	-0.5661339	-2.2753034	0.0	0.0	0.0	3397	tags=39%, list=12%, signal=44%	
HOWARD_NEUTROPHIL_INACT_MONOV_INFLUENZA_A_INDONESIA_05_2005_H5N1_AGE_18_49YO_1DY_UP	HOWARD_NEUTROPHIL_INACT_MONOV_INFLUENZA_A_INDONESIA_05_2005_H5N1_AGE_18_49YO_1DY_UP	Details ...	391	-0.5408112	-2.2727635	0.0	0.0	0.0	5005	tags=41%, list=18%, signal=49%	
SCHERER_PBMC_APSV_WETVAX_AGE_18_32YO_5_TO_7DY_UP	SCHERER_PBMC_APSV_WETVAX_AGE_18_32YO_5_TO_7DY_UP	Details ...	284	-0.72248167	-2.2695022	0.0	0.0	0.0	3203	tags=54%, list=11%, signal=61%	
HOWARD_DENDRITIC_CELL_INACT_MONOV_INFLUENZA_A_INDONESIA_05_2005_H5N1_AGE_18_49YO_1DY_UP	HOWARD_DENDRITIC_CELL_INACT_MONOV_INFLUENZA_A_INDONESIA_05_2005_H5N1_AGE_18_49YO_1DY_UP	Details ...	159	-0.708126	-2.2297049	0.0	1.0676598E-4	0.001	2162	tags=48%, list=8%, signal=52%	
ERWIN_COHEN_BLOOD_TC_83_AGE_23_48YO_VACCINATED_VS_CONTROL_2DY_UP	ERWIN_COHEN_BLOOD_TC_83_AGE_23_48YO_VACCINATED_VS_CONTROL_2DY_UP	Details ...	117	-0.69661117	-2.2251647	0.0	9.608938E-5	0.001	3534	tags=50%, list=12%, signal=56%	
GAUCHER_PBMC_YF_VAX_STAMARIL_UNKNOWN_AGE_28DY_UP	GAUCHER_PBMC_YF_VAX_STAMARIL_UNKNOWN_AGE_28DY_UP	Details ...	27	-0.826053	-2.2047107	0.0	3.5492162E-4	0.004	3104	tags=67%, list=11%, signal=75%	
GAUCHER_PBMC_YF_VAX_STAMARIL_UNKNOWN_AGE_7DY_UP	GAUCHER_PBMC_YF_VAX_STAMARIL_UNKNOWN_AGE_7DY_UP	Details ...	290	-0.6450003	-2.201289	0.0019455253	4.0819644E-4	0.004	3618	tags=46%, list=13%, signal=52%	
FRANCO_BLOOD_SANOFI_PASTEUR_SA_INACTIVATED_INFLUENZA_VACCINE_CORRELATED_WITH_ANTIBODY_RESPONSE_AGE_18_40YO_1DY_POSITIVE	FRANCO_BLOOD_SANOFI_PASTEUR_SA_INACTIVATED_INFLUENZA_VACCINE_CORRELATED_WITH_ANTIBODY_RESPONSE_AGE_18_40YO_1DY_POSITIVE	Details ...	129	-0.68904966	-2.1988785	0.0	3.7679673E-4	0.004	4165	tags=54%, list=15%, signal=63%	
GAUCHER_PBMC_YF_VAX_STAMARIL_UNKNOWN_AGE_10DY_UP	GAUCHER_PBMC_YF_VAX_STAMARIL_UNKNOWN_AGE_10DY_UP	Details ...	195	-0.62944543	-2.188583	0.0	4.1454434E-4	0.005	3203	tags=43%, list=11%, signal=48%	
GAUCHER_PBMC_YF_VAX_STAMARIL_UNKNOWN_AGE_3DY_UP	GAUCHER_PBMC_YF_VAX_STAMARIL_UNKNOWN_AGE_3DY_UP	Details ...	218	-0.668305	-2.1861029	0.001934236	3.8690807E-4	0.005	3618	tags=49%, list=13%, signal=55%	
HARALAMBIEVA_PBMC_FLUARIX_AGE_50_74YO_CORR_WITH_28D_MEM_B_CELL_RESPONSE_AT_0DY_NEGATIVE	HARALAMBIEVA_PBMC_FLUARIX_AGE_50_74YO_CORR_WITH_28D_MEM_B_CELL_RESPONSE_AT_0DY_NEGATIVE	Details ...	429	-0.51899594	-2.1699107	0.0	5.9969025E-4	0.006	4440	tags=37%, list=16%, signal=43%	
FLETCHER_PBMC_BCG_10W_INFANT_BCG_STIMULATED_VS_UNSTIMULATED_10W_UP	FLETCHER_PBMC_BCG_10W_INFANT_BCG_STIMULATED_VS_UNSTIMULATED_10W_UP	Details ...	124	-0.57687676	-2.1650345	0.0	7.450866E-4	0.007	3534	tags=40%, list=12%, signal=46%	
THAKAR_PBMC_INACTIVATED_INFLUENZA_AGE_70PLS_NONRESPONDER_2DY_DN	THAKAR_PBMC_INACTIVATED_INFLUENZA_AGE_70PLS_NONRESPONDER_2DY_DN	Details ...	146	-0.6317297	-2.1592433	0.0019267823	7.036929E-4	0.007	3897	tags=51%, list=14%, signal=58%	
MATSUMIYA_PBMC_MODIFIED_VACCINIA_ANKARA_VACCINE_AGE_18_55YO_2DY_UP	MATSUMIYA_PBMC_MODIFIED_VACCINIA_ANKARA_VACCINE_AGE_18_55YO_2DY_UP	Details ...	65	-0.79073036	-2.1555035	0.0	6.666564E-4	0.007	1962	tags=57%, list=7%, signal=61%	
ERWIN_COHEN_BLOOD_VACCINE_TC_83_AGE_23_48YO_VACCINATED_VS_CONTROL_7DY_UP	ERWIN_COHEN_BLOOD_VACCINE_TC_83_AGE_23_48YO_VACCINATED_VS_CONTROL_7DY_UP	Details ...	72	-0.7753554	-2.1379726	0.0	9.31232E-4	0.01	1921	tags=50%, list=7%, signal=53%	
LI_PBMC_MENACTRA_AGE_18_45YO_CORRELATED_WITH_ANTI_POLYSACCHARIDE_ANTIBODY_3DY_POSITIVE	LI_PBMC_MENACTRA_AGE_18_45YO_CORRELATED_WITH_ANTI_POLYSACCHARIDE_ANTIBODY_3DY_POSITIVE		59	-0.70137346	-2.1377254	0.0	8.8688766E-4	0.01	3512	tags=51%, list=12%, signal=58%	
HOWARD_NK_CELL_INACT_MONOV_INFLUENZA_A_INDONESIA_05_2005_H5N1_AGE_18_49YO_28DY_DN	HOWARD_NK_CELL_INACT_MONOV_INFLUENZA_A_INDONESIA_05_2005_H5N1_AGE_18_49YO_28DY_DN		62	-0.8017777	-2.1357815	0.0	8.9176645E-4	0.01	1836	tags=55%, list=6%, signal=59%	
SCHERER_PBMC_APSV_WETVAX_AGE_18_40YO_JOINT_TO_VACCINIA_AND_YELLOW_FEVER_UP	SCHERER_PBMC_APSV_WETVAX_AGE_18_40YO_JOINT_TO_VACCINIA_AND_YELLOW_FEVER_UP		55	-0.7420011	-2.1279376	0.0	9.824608E-4	0.011	3203	tags=55%, list=11%, signal=61%	
SCHERER_PBMC_YF_VAX_AGE_18_40YO_JOINT_TO_VACCINIA_AND_YELLOW_FEVER_UP	SCHERER_PBMC_YF_VAX_AGE_18_40YO_JOINT_TO_VACCINIA_AND_YELLOW_FEVER_UP		55	-0.7420011	-2.1279376	0.0	9.415249E-4	0.011	3203	tags=55%, list=11%, signal=61%	
LI_PBMC_MENOMUNE_A_C_Y_W_135_AGE_18_45YO_3DY_UP	LI_PBMC_MENOMUNE_A_C_Y_W_135_AGE_18_45YO_3DY_UP		24	-0.73581475	-2.1217935	0.0	0.0010225762	0.012	1690	tags=50%, list=6%, signal=53%	
FLETCHER_PBMC_BCG_10W_INFANT_PPD_STIMULATED_VS_UNSTIMULATED_10W_UP	FLETCHER_PBMC_BCG_10W_INFANT_PPD_STIMULATED_VS_UNSTIMULATED_10W_UP		89	-0.57226706	-2.1205738	0.0	9.832464E-4	0.012	3212	tags=38%, list=11%, signal=43%	
ZAK_PBMC_MRKAD5_HIV_1_GAG_POL_NEF_AGE_20_50YO_AD5_NAB_TITERS_GT_200_VS_LTE_200_1DY_DN	ZAK_PBMC_MRKAD5_HIV_1_GAG_POL_NEF_AGE_20_50YO_AD5_NAB_TITERS_GT_200_VS_LTE_200_1DY_DN		105	-0.7101397	-2.118844	0.0	9.4682985E-4	0.012	2759	tags=51%, list=10%, signal=57%	
LI_PBMC_MENACTRA_AGE_18_45YO_CORRELATED_WITH_ANTI_DT_ANTIBODY_3DY_NEGATIVE	LI_PBMC_MENACTRA_AGE_18_45YO_CORRELATED_WITH_ANTI_DT_ANTIBODY_3DY_NEGATIVE		27	-0.7043418	-2.10923	0.0	9.840302E-4	0.012	1208	tags=37%, list=4%, signal=39%	
HOWARD_T_CELL_INACT_MONOV_INFLUENZA_A_INDONESIA_05_2005_H5N1_AGE_18_49YO_1DY_UP	HOWARD_T_CELL_INACT_MONOV_INFLUENZA_A_INDONESIA_05_2005_H5N1_AGE_18_49YO_1DY_UP		42	-0.8002402	-2.108699	0.0	0.0010724132	0.014	3534	tags=71%, list=12%, signal=81%	
ZAK_PBMC_MRKAD5_HIV_1_GAG_POL_NEF_AGE_20_50YO_3DY_UP	ZAK_PBMC_MRKAD5_HIV_1_GAG_POL_NEF_AGE_20_50YO_3DY_UP		131	-0.7263612	-2.1080928	0.0	0.0010366661	0.014	2800	tags=48%, list=10%, signal=53%	
GARCIA_PINERES_PBMC_HPV_16_L1_VLP_AGE_18_25YO_2MO_UP	GARCIA_PINERES_PBMC_HPV_16_L1_VLP_AGE_18_25YO_2MO_UP		308	-0.44132006	-2.107228	0.0	0.0010446311	0.015	6060	tags=37%, list=21%, signal=47%	
NAKAYA_PBMC_IMUVAC_MALE_AGE_14_27YO_1D_POSTBOOST_VS_0DY_PREIMM_TIV_UP	NAKAYA_PBMC_IMUVAC_MALE_AGE_14_27YO_1D_POSTBOOST_VS_0DY_PREIMM_TIV_UP		44	-0.7822688	-2.1053314	0.0	0.0010119864	0.015	936	tags=52%, list=3%, signal=54%	
HOWARD_NK_CELL_INACT_MONOV_INFLUENZA_A_INDONESIA_05_2005_H5N1_AGE_18_49YO_1DY_UP	HOWARD_NK_CELL_INACT_MONOV_INFLUENZA_A_INDONESIA_05_2005_H5N1_AGE_18_49YO_1DY_UP		21	-0.83723086	-2.0962641	0.0	0.0010149467	0.016	2074	tags=67%, list=7%, signal=72%	
SCHERER_PBMC_YF_VAX_AGE_18_40YO_4_TO_7DY_UP	SCHERER_PBMC_YF_VAX_AGE_18_40YO_4_TO_7DY_UP		339	-0.44618896	-2.0940354	0.0	0.001042918	0.016	4391	tags=31%, list=15%, signal=36%	
FLETCHER_PBMC_BCG_10W_INFANT_BCG_STIMULATED_VS_UNSTIMULATED_10W_DN	FLETCHER_PBMC_BCG_10W_INFANT_BCG_STIMULATED_VS_UNSTIMULATED_10W_DN		255	-0.6517383	-2.0927358	0.0	0.0010131204	0.016	3897	tags=49%, list=14%, signal=56%	
PATEL_SKIN_OF_BODY_ZOSTAVAX_AGE_70_93YO_VZV_CHALLENGE_6HR_TOP_30_DEG_UP	PATEL_SKIN_OF_BODY_ZOSTAVAX_AGE_70_93YO_VZV_CHALLENGE_6HR_TOP_30_DEG_UP		27	-0.712598	-2.0816698	0.0	0.001075924	0.018	1194	tags=37%, list=4%, signal=39%	
BUCASAS_PBMC_FLUARIX_FLUVIRIN_CAUCASIAN_MALE_AGE_18_40YO_HIGH_RESPONDERS_1DY_TOP_FUNCTIONAL_NETWORK_POSITIVE	BUCASAS_PBMC_FLUARIX_FLUVIRIN_CAUCASIAN_MALE_AGE_18_40YO_HIGH_RESPONDERS_1DY_TOP_FUNCTIONAL_NETWORK_POSITIVE		19	-0.6938989	-2.0793865	0.0	0.0011027699	0.019	1727	tags=47%, list=6%, signal=50%	
PATEL_SKIN_OF_BODY_ZOSTAVAX_AGE_70_93YO_VZV_CHALLENGE_6HR_UP	PATEL_SKIN_OF_BODY_ZOSTAVAX_AGE_70_93YO_VZV_CHALLENGE_6HR_UP		287	-0.43198726	-2.0730937	0.0	0.0011813681	0.022	2462	tags=23%, list=9%, signal=25%	
MATSUMIYA_PBMC_MODIFIED_VACCINIA_ANKARA_VACCINE_AGE_18_55YO_VACCINATED_VS_CONTROL_TREATED_IN_VITRO_WITH_MVA85A_6HR_UP	MATSUMIYA_PBMC_MODIFIED_VACCINIA_ANKARA_VACCINE_AGE_18_55YO_VACCINATED_VS_CONTROL_TREATED_IN_VITRO_WITH_MVA85A_6HR_UP		91	-0.5359894	-2.0662189	0.0019723866	0.0014236178	0.027	4775	tags=42%, list=17%, signal=50%	
QIU_PBMC_HEPTATITIS_B_SURFACE_ANTIGEN_AGE_UNDER50_NON_RESPONDERS_VS_RESPONDERS_7DY_UP	QIU_PBMC_HEPTATITIS_B_SURFACE_ANTIGEN_AGE_UNDER50_NON_RESPONDERS_VS_RESPONDERS_7DY_UP		32	-0.66508704	-2.0614183	0.0019417476	0.0014615245	0.03	2904	tags=44%, list=10%, signal=49%	
GAUCHER_PBMC_YF_VAX_STAMARIL_UNKNOWN_AGE_60DY_UP	GAUCHER_PBMC_YF_VAX_STAMARIL_UNKNOWN_AGE_60DY_UP		50	-0.723804	-2.0607486	0.0	0.0014567242	0.031	4318	tags=62%, list=15%, signal=73%	
FULLER_PBMC_F_TULARENSIS_VACCINE_LVS_AGE_22_54YO_336HR_UP	FULLER_PBMC_F_TULARENSIS_VACCINE_LVS_AGE_22_54YO_336HR_UP		45	-0.653278	-2.0574834	0.0019267823	0.0014220403	0.031	2329	tags=40%, list=8%, signal=44%	
QI_PBMC_ZOSTAVAX_AGE_50_75YO_CORRELATED_WITH_EXPANSION_OF_VZV_SPECIFIC_T_CELLS_TO_PEAK_AT_1DY_POSITIVE	QI_PBMC_ZOSTAVAX_AGE_50_75YO_CORRELATED_WITH_EXPANSION_OF_VZV_SPECIFIC_T_CELLS_TO_PEAK_AT_1DY_POSITIVE		248	-0.4936704	-2.0456312	0.0	0.0019139798	0.037	4690	tags=38%, list=17%, signal=45%	
QUEREC_MODEL_PBMC_YF_17D_VACCINE_AGE_18_45YO_3DY_PREDICTIVE	QUEREC_MODEL_PBMC_YF_17D_VACCINE_AGE_18_45YO_3DY_PREDICTIVE		48	-0.59721285	-2.0390847	0.002	0.0020042644	0.04	3606	tags=46%, list=13%, signal=52%	
SCHERER_PBMC_APSV_WETVAX_AGE_18_40YO_5_TO_7DY_UP	SCHERER_PBMC_APSV_WETVAX_AGE_18_40YO_5_TO_7DY_UP		24	-0.7016982	-2.017488	0.0	0.0028400603	0.054	2868	tags=50%, list=10%, signal=56%	
NAKAYA_PBMC_FLUAD_MALE_AGE_14_27YO_1D_POSTBOOST_VS_0D_PREIMM_MF59_ADJUVANTED_1DY_ATIV_UP	NAKAYA_PBMC_FLUAD_MALE_AGE_14_27YO_1D_POSTBOOST_VS_0D_PREIMM_MF59_ADJUVANTED_1DY_ATIV_UP		40	-0.7837225	-2.016594	0.0	0.0027783199	0.054	1921	tags=63%, list=7%, signal=67%	
PATEL_SKIN_OF_BODY_ZOSTAVAX_AGE_70_93YO_VZV_CHALLENGE_3DY_UP	PATEL_SKIN_OF_BODY_ZOSTAVAX_AGE_70_93YO_VZV_CHALLENGE_3DY_UP		108	-0.580115	-2.0126817	0.0	0.0028205465	0.056	5102	tags=44%, list=18%, signal=54%	
HARALAMBIEVA_PBMC_M_M_R_II_AGE_13_16YO_STIMULATED_VS_UNSTIMULATED_3_TO_7YR_POST_TOP_DEG_UP	HARALAMBIEVA_PBMC_M_M_R_II_AGE_13_16YO_STIMULATED_VS_UNSTIMULATED_3_TO_7YR_POST_TOP_DEG_UP		41	-0.62605405	-2.0106275	0.0	0.002845976	0.057	3263	tags=51%, list=11%, signal=58%	
FLETCHER_PBMC_BCG_10W_INFANT_PPD_STIMULATED_VS_UNSTIMULATED_10W_DN	FLETCHER_PBMC_BCG_10W_INFANT_PPD_STIMULATED_VS_UNSTIMULATED_10W_DN		180	-0.6506992	-1.996739	0.0	0.003416889	0.066	4819	tags=53%, list=17%, signal=63%	
HOEK_PBMC_INACTIVATED_INFLUENZA_ADULT_7DY_DN	HOEK_PBMC_INACTIVATED_INFLUENZA_ADULT_7DY_DN		21	-0.72863996	-1.9908146	0.0	0.0034761378	0.069	2058	tags=48%, list=7%, signal=51%	
LI_PBMC_MENACTRA_AGE_18_45YO_ANTI_POLYSACCHARIDE_ANTIBODY_CORRELATION_PROFILE_3DY_UP	LI_PBMC_MENACTRA_AGE_18_45YO_ANTI_POLYSACCHARIDE_ANTIBODY_CORRELATION_PROFILE_3DY_UP		27	-0.71832776	-1.9861083	0.0	0.0036719725	0.075	2852	tags=56%, list=10%, signal=62%	
LI_PBMC_MENACTRA_AGE_18_45YO_ANTI_DT_ANTIBODY_CORRELATION_PROFILE_3DY_UP	LI_PBMC_MENACTRA_AGE_18_45YO_ANTI_DT_ANTIBODY_CORRELATION_PROFILE_3DY_UP		20	-0.77790934	-1.9802047	0.0	0.0038776712	0.079	2491	tags=55%, list=9%, signal=60%	
FULLER_PBMC_F_TULARENSIS_VACCINE_LVS_AGE_22_54YO_18HR_UP	FULLER_PBMC_F_TULARENSIS_VACCINE_LVS_AGE_22_54YO_18HR_UP		56	-0.602593	-1.9588938	0.0038610038	0.005222089	0.094	2517	tags=36%, list=9%, signal=39%	
LI_PBMC_MENOMUNE_A_C_Y_W_135_AGE_18_45YO_CORRELATED_WITH_ANTIBODY_RESPONSE_3DY_NEGATIVE	LI_PBMC_MENOMUNE_A_C_Y_W_135_AGE_18_45YO_CORRELATED_WITH_ANTIBODY_RESPONSE_3DY_NEGATIVE		25	-0.7030784	-1.9485207	0.0019607844	0.005935837	0.107	3703	tags=60%, list=13%, signal=69%	
HOEK_NEUTROPHIL_2011_2012_TIV_ADULT_7DY_DN	HOEK_NEUTROPHIL_2011_2012_TIV_ADULT_7DY_DN		40	-0.65781873	-1.9449968	0.0038986355	0.0061069145	0.11	1338	tags=35%, list=5%, signal=37%	
QIU_PBMC_HEPTATITIS_B_SURFACE_ANTIGEN_AGE_UNDER50_NON_RESPONDERS_VS_RESPONDERS_35DY_UP	QIU_PBMC_HEPTATITIS_B_SURFACE_ANTIGEN_AGE_UNDER50_NON_RESPONDERS_VS_RESPONDERS_35DY_UP		15	-0.8326542	-1.9386427	0.001996008	0.0067247483	0.12	2904	tags=73%, list=10%, signal=82%	
NAKAYA_PBMC_FLUARIX_FLUVIRIN_AGE_18_50YO_7DY_DN	NAKAYA_PBMC_FLUARIX_FLUVIRIN_AGE_18_50YO_7DY_DN		274	-0.38331068	-1.9373431	0.001996008	0.0066434597	0.12	3766	tags=25%, list=13%, signal=29%	
FULLER_PBMC_F_TULARENSIS_VACCINE_LVS_AGE_22_54YO_48HR_UP	FULLER_PBMC_F_TULARENSIS_VACCINE_LVS_AGE_22_54YO_48HR_UP		59	-0.576757	-1.9177132	0.0019157088	0.007827576	0.136	2517	tags=34%, list=9%, signal=37%	
NAKAYA_PBMC_FLUAD_IMUVAC_MALE_AGE_14_27YO_CORRELATED_WITH_HAI_RESPONSE_MF59_ADJUVANTED_AND_NON_1DY_GENES_IN_BTM_M75_POSITIVE	NAKAYA_PBMC_FLUAD_IMUVAC_MALE_AGE_14_27YO_CORRELATED_WITH_HAI_RESPONSE_MF59_ADJUVANTED_AND_NON_1DY_GENES_IN_BTM_M75_POSITIVE		19	-0.7986394	-1.9171276	0.0	0.0077118543	0.136	1429	tags=53%, list=5%, signal=55%	
QI_PBMC_ZOSTAVAX_AGE_50_75YO_CORRELATED_WITH_CONTRACTION_OF_VZV_SPECIFIC_T_CELLS_PEAK_TO_28DY_AT_1DYPOSITIVE	QI_PBMC_ZOSTAVAX_AGE_50_75YO_CORRELATED_WITH_CONTRACTION_OF_VZV_SPECIFIC_T_CELLS_PEAK_TO_28DY_AT_1DYPOSITIVE		293	-0.45899704	-1.9139308	0.0	0.008031947	0.14	5463	tags=39%, list=19%, signal=48%	
NAKAYA_PBMC_FLUARIX_FLUVIRIN_AGE_18_50YO_CORRELATED_WITH_HAI_28DY_RESPONSE_AT_7DY_POSITIVE	NAKAYA_PBMC_FLUARIX_FLUVIRIN_AGE_18_50YO_CORRELATED_WITH_HAI_28DY_RESPONSE_AT_7DY_POSITIVE		159	-0.4464948	-1.9074221	0.0	0.008213235	0.15	4714	tags=35%, list=17%, signal=41%	
NAKAYA_MONOCYTE_FLUMIST_AGE_18_50YO_7DY_DN	NAKAYA_MONOCYTE_FLUMIST_AGE_18_50YO_7DY_DN		253	-0.3827074	-1.8946905	0.0	0.009320738	0.162	3947	tags=24%, list=14%, signal=28%	
QUEREC_PBMC_YF_17D_VACCINE_AGE_18_45YO_3DY_UP	QUEREC_PBMC_YF_17D_VACCINE_AGE_18_45YO_3DY_UP		46	-0.6754044	-1.8887801	0.007677543	0.009692379	0.169	1490	tags=35%, list=5%, signal=37%	
QUEREC_PBMC_YF_17D_VACCINE_AGE_18_45YO_7DY_UP	QUEREC_PBMC_YF_17D_VACCINE_AGE_18_45YO_7DY_UP		46	-0.6754044	-1.8887801	0.007677543	0.009540935	0.169	1490	tags=35%, list=5%, signal=37%	
HARALAMBIEVA_PBMC_FLUARIX_AGE_50_74YO_CORR_WITH_28D_MEM_B_CELL_RESPONSE_AT_3DY_POSITIVE	HARALAMBIEVA_PBMC_FLUARIX_AGE_50_74YO_CORR_WITH_28D_MEM_B_CELL_RESPONSE_AT_3DY_POSITIVE		365	-0.35805956	-1.878117	0.0	0.010517769	0.18	4777	tags=28%, list=17%, signal=33%	
SOBOLEV_PBMC_PANDEMRIX_AGE_18_64YO_7DY_DN	SOBOLEV_PBMC_PANDEMRIX_AGE_18_64YO_7DY_DN		33	-0.73933744	-1.8723696	0.009560229	0.01093002	0.187	4442	tags=67%, list=16%, signal=79%	
NAKAYA_PBMC_FLUMIST_AGE_18_50YO_3DY_IFN_SUBSET_UP	NAKAYA_PBMC_FLUMIST_AGE_18_50YO_3DY_IFN_SUBSET_UP		32	-0.7318572	-1.8638108	0.0057581575	0.011917193	0.194	3615	tags=56%, list=13%, signal=64%	
NAKAYA_PBMC_FLUAD_MALE_AGE_14_27YO_1D_POSTBOOST_VS_0D_PREIMM_MF59_ADJUVANTED_1DY_GENES_IN_BTM_M40_AND_M53_UP	NAKAYA_PBMC_FLUAD_MALE_AGE_14_27YO_1D_POSTBOOST_VS_0D_PREIMM_MF59_ADJUVANTED_1DY_GENES_IN_BTM_M40_AND_M53_UP		17	-0.88172024	-1.8589369	0.001984127	0.012273698	0.197	2682	tags=82%, list=9%, signal=91%	
HOWARD_NEUTROPHIL_INACT_MONOV_INFLUENZA_A_INDONESIA_05_2005_H5N1_AGE_18_49YO_3DY_UP	HOWARD_NEUTROPHIL_INACT_MONOV_INFLUENZA_A_INDONESIA_05_2005_H5N1_AGE_18_49YO_3DY_UP		119	-0.54783016	-1.8540844	0.003921569	0.012443249	0.201	4165	tags=37%, list=15%, signal=43%	
QIU_PBMC_HEPTATITIS_B_SURFACE_ANTIGEN_AGE_UNDER50_NON_RESPONDERS_VS_RESPONDERS_3DY_UP	QIU_PBMC_HEPTATITIS_B_SURFACE_ANTIGEN_AGE_UNDER50_NON_RESPONDERS_VS_RESPONDERS_3DY_UP		15	-0.78634137	-1.8536513	0.005952381	0.012323101	0.202	3981	tags=80%, list=14%, signal=93%	
SOBOLEV_PBMC_PANDEMRIX_AGE_18_64YO_1DY_UP	SOBOLEV_PBMC_PANDEMRIX_AGE_18_64YO_1DY_UP		19	-0.79273915	-1.849077	0.0039138943	0.01256104	0.206	2868	tags=68%, list=10%, signal=76%	
LI_PBMC_MENACTRA_AGE_18_45YO_CORRELATED_WITH_ANTI_DT_ANTIBODY_3DY_POSITIVE	LI_PBMC_MENACTRA_AGE_18_45YO_CORRELATED_WITH_ANTI_DT_ANTIBODY_3DY_POSITIVE		39	-0.62629324	-1.8448386	0.0019267823	0.012863472	0.212	3512	tags=46%, list=12%, signal=53%	
LI_PBMC_MENOMUNE_A_C_Y_W_135_AGE_18_45YO_CORRELATED_WITH_ANTIBODY_RESPONSE_3DY_POSITIVE	LI_PBMC_MENOMUNE_A_C_Y_W_135_AGE_18_45YO_CORRELATED_WITH_ANTIBODY_RESPONSE_3DY_POSITIVE		43	-0.53920794	-1.8373668	0.0038834952	0.013883762	0.225	3212	tags=35%, list=11%, signal=39%	
HOEK_PBMC_INACTIVATED_INFLUENZA_ADULT_3DY_DN	HOEK_PBMC_INACTIVATED_INFLUENZA_ADULT_3DY_DN		19	-0.63740337	-1.8355502	0.002004008	0.013836992	0.227	3080	tags=47%, list=11%, signal=53%	
NAKAYA_B_CELL_FLUMIST_AGE_18_50YO_7DY_DN	NAKAYA_B_CELL_FLUMIST_AGE_18_50YO_7DY_DN		393	-0.3633524	-1.8352177	0.0020283975	0.013720508	0.227	6270	tags=34%, list=22%, signal=43%	
FULLER_PBMC_F_TULARENSIS_VACCINE_LVS_AGE_22_54YO_192HR_UP	FULLER_PBMC_F_TULARENSIS_VACCINE_LVS_AGE_22_54YO_192HR_UP		45	-0.5574163	-1.8316919	0.019120459	0.014132392	0.236	2329	tags=31%, list=8%, signal=34%	
FULLER_PBMC_F_TULARENSIS_VACCINE_LVS_AGE_22_54YO_18HR_TO_48HR_EARLY_UP	FULLER_PBMC_F_TULARENSIS_VACCINE_LVS_AGE_22_54YO_18HR_TO_48HR_EARLY_UP		19	-0.8133453	-1.831254	0.0	0.014041786	0.238	1229	tags=58%, list=4%, signal=60%	
QIU_PBMC_HEPTATITIS_B_SURFACE_ANTIGEN_AGE_UNDER50_NON_RESPONDERS_VS_RESPONDERS_28DY_UP	QIU_PBMC_HEPTATITIS_B_SURFACE_ANTIGEN_AGE_UNDER50_NON_RESPONDERS_VS_RESPONDERS_28DY_UP		17	-0.78233355	-1.8302997	0.0020120724	0.013982048	0.24	3981	tags=71%, list=14%, signal=82%	
NAKAYA_PLASMACYTOID_DENDRITIC_CELL_FLUARIX_FLUVIRIN_AGE_18_50YO_7DY_UP	NAKAYA_PLASMACYTOID_DENDRITIC_CELL_FLUARIX_FLUVIRIN_AGE_18_50YO_7DY_UP		216	-0.3495885	-1.8211917	0.0	0.014979837	0.254	3959	tags=25%, list=14%, signal=29%	
HOEK_NK_CELL_2011_2012_TIV_1D_VS_0DY_ADULT_1D_DN	HOEK_NK_CELL_2011_2012_TIV_1D_VS_0DY_ADULT_1D_DN		52	-0.5461995	-1.8171886	0.0041841003	0.015371499	0.257	2465	tags=31%, list=9%, signal=34%	
NAKAYA_MONOCYTE_FLUMIST_AGE_18_50YO_7DY_UP	NAKAYA_MONOCYTE_FLUMIST_AGE_18_50YO_7DY_UP		471	-0.33762473	-1.802957	0.002105263	0.017091282	0.275	2860	tags=18%, list=10%, signal=20%	
GARCIA_PINERES_PBMC_HPV_16_L1_VLP_AGE_18_25YO_2MO_DN	GARCIA_PINERES_PBMC_HPV_16_L1_VLP_AGE_18_25YO_2MO_DN		274	-0.38998306	-1.7982793	0.0	0.017432624	0.283	4977	tags=32%, list=18%, signal=39%	
KANNAN_BLOOD_2012_2013_TIV_AGE_65PLS_REVACCINATED_IN_6_9_MO_VS_REVACCINATED_IN_12_13_MOS_DN	KANNAN_BLOOD_2012_2013_TIV_AGE_65PLS_REVACCINATED_IN_6_9_MO_VS_REVACCINATED_IN_12_13_MOS_DN		337	-0.38399488	-1.7847185	0.006198347	0.019423269	0.314	5027	tags=29%, list=18%, signal=35%	
NAKAYA_MONOCYTE_FLUARIX_FLUVIRIN_AGE_18_50YO_7DY_DN	NAKAYA_MONOCYTE_FLUARIX_FLUVIRIN_AGE_18_50YO_7DY_DN		95	-0.41830188	-1.7766104	0.0020408162	0.020532707	0.329	3353	tags=24%, list=12%, signal=27%	
QIU_PBMC_HEPTATITIS_B_SURFACE_ANTIGEN_AGE_UNDER50_NON_RESPONDERS_VS_RESPONDERS_0DY_UP	QIU_PBMC_HEPTATITIS_B_SURFACE_ANTIGEN_AGE_UNDER50_NON_RESPONDERS_VS_RESPONDERS_0DY_UP		19	-0.7583703	-1.7651709	0.01010101	0.022400033	0.351	3981	tags=74%, list=14%, signal=86%	
HOEK_NK_CELL_2011_2012_TIV_ADULT_7DY_UP	HOEK_NK_CELL_2011_2012_TIV_ADULT_7DY_UP		17	-0.57721347	-1.7638203	0.0058708414	0.022349054	0.353	2969	tags=29%, list=10%, signal=33%	
FULLER_PBMC_F_TULARENSIS_VACCINE_LVS_AGE_22_54YO_192HR_DN	FULLER_PBMC_F_TULARENSIS_VACCINE_LVS_AGE_22_54YO_192HR_DN		32	-0.5514459	-1.7590479	0.015968064	0.02282802	0.361	2517	tags=34%, list=9%, signal=38%	
SCHERER_PBMC_APSV_WETVAX_AGE_18_32YO_50_TO_60DY_DN	SCHERER_PBMC_APSV_WETVAX_AGE_18_32YO_50_TO_60DY_DN		143	-0.42555365	-1.7429343	0.009615385	0.026085893	0.394	3749	tags=27%, list=13%, signal=30%	
KENNEDY_PBMC_DRYVAX_AGE_18_40YO_STIMULATED_VS_UNSTIMULATED_1_TO_48MO_TOP_DEG_DN	KENNEDY_PBMC_DRYVAX_AGE_18_40YO_STIMULATED_VS_UNSTIMULATED_1_TO_48MO_TOP_DEG_DN		35	-0.5580878	-1.7311872	0.0	0.028439142	0.417	5304	tags=49%, list=19%, signal=60%	
PATEL_SKIN_OF_BODY_ZOSTAVAX_AGE_70_93YO_VZV_CHALLENGED_POST_VACCINATION_VS_UNCHALLENGED_72HR_TOP_30_DEG_UP	PATEL_SKIN_OF_BODY_ZOSTAVAX_AGE_70_93YO_VZV_CHALLENGED_POST_VACCINATION_VS_UNCHALLENGED_72HR_TOP_30_DEG_UP		30	-0.66754735	-1.7274903	0.009727626	0.02901712	0.425	1145	tags=27%, list=4%, signal=28%	
FULLER_PBMC_F_TULARENSIS_VACCINE_LVS_AGE_22_54YO_48HR_DN	FULLER_PBMC_F_TULARENSIS_VACCINE_LVS_AGE_22_54YO_48HR_DN		18	-0.5465221	-1.7143427	0.02247191	0.03183493	0.46	1357	tags=28%, list=5%, signal=29%	
HOEK_B_CELL_2011_2012_TIV_ADULT_7DY_UP	HOEK_B_CELL_2011_2012_TIV_ADULT_7DY_UP		48	-0.51117957	-1.6994058	0.02734375	0.03485703	0.487	1726	tags=23%, list=6%, signal=24%	
HOEK_MYELOID_DENDRITIC_CELL_2011_2012_TIV_ADULT_1DY_UP	HOEK_MYELOID_DENDRITIC_CELL_2011_2012_TIV_ADULT_1DY_UP		29	-0.46017957	-1.687571	0.005964215	0.037275743	0.513	1593	tags=21%, list=6%, signal=22%	
QI_PBMC_ZOSTAVAX_AGE_50_75YO_CORRELATED_WITH_T_CELL_RESPONSES_EXPANSION_AND_CONTRACTION_1D_NOT_INFORMATIVE_OF_LONG_TERM_RESPONSES_POSITIVE	QI_PBMC_ZOSTAVAX_AGE_50_75YO_CORRELATED_WITH_T_CELL_RESPONSES_EXPANSION_AND_CONTRACTION_1D_NOT_INFORMATIVE_OF_LONG_TERM_RESPONSES_POSITIVE		16	-0.61769795	-1.6828469	0.02534113	0.038140655	0.524	4185	tags=44%, list=15%, signal=51%	
GAUCHER_PBMC_YF_VAX_STAMARIL_UNKNOWN_AGE_7DY_DN	GAUCHER_PBMC_YF_VAX_STAMARIL_UNKNOWN_AGE_7DY_DN		150	-0.46829498	-1.6664798	0.028	0.042553384	0.558	3175	tags=28%, list=11%, signal=31%	
WEINBERGER_BLOOD_TWINRIX_AGE_20_40_AND_60_84YO_CORRELATED_WITH_ANTI_HBS_CONC_PRIMARY_VACC_1DY_SIGNIFICANT	WEINBERGER_BLOOD_TWINRIX_AGE_20_40_AND_60_84YO_CORRELATED_WITH_ANTI_HBS_CONC_PRIMARY_VACC_1DY_SIGNIFICANT		33	-0.552057	-1.6545584	0.03088803	0.045796625	0.587	2216	tags=27%, list=8%, signal=30%	
ANDERSON_BLOOD_CN54GP140_ADJUVANTED_WITH_GLA_AF_AGE_18_45YO_1DY_DN	ANDERSON_BLOOD_CN54GP140_ADJUVANTED_WITH_GLA_AF_AGE_18_45YO_1DY_DN		84	-0.43127787	-1.6269461	0.06404959	0.053772576	0.641	5039	tags=36%, list=18%, signal=43%	
HOEK_NEUTROPHIL_2011_2012_TIV_ADULT_1DY_DN	HOEK_NEUTROPHIL_2011_2012_TIV_ADULT_1DY_DN		62	-0.40300706	-1.6155328	0.013888889	0.05700468	0.658	6247	tags=40%, list=22%, signal=52%	
QI_PBMC_ZOSTAVAX_AGE_50_75YO_CORRELATED_WITH_EXPANSION_OF_VZV_SPECIFIC_T_CELLS_TO_PEAK_AT_1DY_NEGATIVE	QI_PBMC_ZOSTAVAX_AGE_50_75YO_CORRELATED_WITH_EXPANSION_OF_VZV_SPECIFIC_T_CELLS_TO_PEAK_AT_1DY_NEGATIVE		116	-0.39689508	-1.609198	0.0403071	0.05872052	0.673	5667	tags=31%, list=20%, signal=39%	
ERWIN_COHEN_PBMC_TC_83_AGE_18_45YO_RESPONDERS_PREVIOUSLY_IMMUNIZED_24HR_DEG_CANONICAL_PATHWAY_MEMBERS_UP	ERWIN_COHEN_PBMC_TC_83_AGE_18_45YO_RESPONDERS_PREVIOUSLY_IMMUNIZED_24HR_DEG_CANONICAL_PATHWAY_MEMBERS_UP		25	-0.55127716	-1.6013243	0.063872255	0.06095849	0.69	6186	tags=48%, list=22%, signal=61%	
GAUCHER_PBMC_YF_VAX_STAMARIL_UNKNOWN_AGE_3DY_DN	GAUCHER_PBMC_YF_VAX_STAMARIL_UNKNOWN_AGE_3DY_DN		81	-0.43581706	-1.6005702	0.06012024	0.060664795	0.692	4715	tags=31%, list=17%, signal=37%	
HOEK_B_CELL_2011_2012_TIV_ADULT_3DY_UP	HOEK_B_CELL_2011_2012_TIV_ADULT_3DY_UP		38	-0.4451546	-1.5941234	0.023210831	0.06275053	0.705	1953	tags=21%, list=7%, signal=23%	
QUEREC_MODEL_PBMC_YF_17D_VACCINE_AGE_18_45_7DY_PREDICTIVE	QUEREC_MODEL_PBMC_YF_17D_VACCINE_AGE_18_45_7DY_PREDICTIVE		37	-0.44213378	-1.586738	0.050290134	0.065013185	0.721	4139	tags=30%, list=15%, signal=35%	
HOWARD_NEUTROPHIL_INACT_MONOV_INFLUENZA_A_INDONESIA_05_2005_H5N1_AGE_18_49YO_1DY_DN	HOWARD_NEUTROPHIL_INACT_MONOV_INFLUENZA_A_INDONESIA_05_2005_H5N1_AGE_18_49YO_1DY_DN		109	-0.32252717	-1.542565	0.0118811885	0.08295913	0.793	1762	tags=18%, list=6%, signal=19%	
NAKAYA_MYELOID_DENDRITIC_CELL_FLUARIX_FLUVIRIN_AGE_18_50YO_7DY_UP	NAKAYA_MYELOID_DENDRITIC_CELL_FLUARIX_FLUVIRIN_AGE_18_50YO_7DY_UP		397	-0.27537337	-1.5361024	0.01026694	0.08528466	0.808	3636	tags=17%, list=13%, signal=20%	
NAKAYA_MYELOID_DENDRITIC_CELL_FLUMIST_AGE_18_50YO_7DY_UP	NAKAYA_MYELOID_DENDRITIC_CELL_FLUMIST_AGE_18_50YO_7DY_UP		374	-0.29071587	-1.5335042	0.029978586	0.08552025	0.811	4762	tags=22%, list=17%, signal=26%	
LI_PBMC_MENACTRA_AGE_18_45YO_ANTI_DT_ANTIBODY_CORRELATION_PROFILE_3DY_DN	LI_PBMC_MENACTRA_AGE_18_45YO_ANTI_DT_ANTIBODY_CORRELATION_PROFILE_3DY_DN		18	-0.48300666	-1.5275329	0.042424243	0.08748787	0.819	2852	tags=33%, list=10%, signal=37%	
OVSYANNIKOVA_PBMC_FLUARIX_AGE_50_74YO_COMMON_WITH_BOTH_HAI_AND_VNA_28DY_VS_3DY_USED_IN_HAI_AND_VNA_RESPONSE_MODELS_UP	OVSYANNIKOVA_PBMC_FLUARIX_AGE_50_74YO_COMMON_WITH_BOTH_HAI_AND_VNA_28DY_VS_3DY_USED_IN_HAI_AND_VNA_RESPONSE_MODELS_UP		25	-0.44794863	-1.524001	0.03976143	0.088186756	0.822	4979	tags=32%, list=18%, signal=39%	
HOFT_CD4_POSITIVE_ALPHA_BETA_MEMORY_T_CELL_BCG_VACCINE_AGE_18_45YO_ID_56D_TOP_100_DEG_AFTER_IN_VITRO_RE_STIMULATION_UP	HOFT_CD4_POSITIVE_ALPHA_BETA_MEMORY_T_CELL_BCG_VACCINE_AGE_18_45YO_ID_56D_TOP_100_DEG_AFTER_IN_VITRO_RE_STIMULATION_UP		40	-0.426155	-1.5125637	0.075510204	0.09240417	0.836	6419	tags=35%, list=23%, signal=45%	
RICHERT_PBMC_HIV_LIPO_5_AGE_37_48YO_STIMULATED_VS_UNSTIMULATED_14W_TOP_FUNCTIONAL_NETWORK_UP	RICHERT_PBMC_HIV_LIPO_5_AGE_37_48YO_STIMULATED_VS_UNSTIMULATED_14W_TOP_FUNCTIONAL_NETWORK_UP		25	-0.49085087	-1.5087056	0.07185629	0.09361714	0.847	3212	tags=36%, list=11%, signal=41%	
DHIMAN_PBMC_ATTENUVAX_AGE_15_25YO_SUBQ_7_OR_14DY_DN	DHIMAN_PBMC_ATTENUVAX_AGE_15_25YO_SUBQ_7_OR_14DY_DN		18	-0.48469862	-1.5037358	0.06420233	0.09539219	0.855	1597	tags=22%, list=6%, signal=24%	
HOEK_NEUTROPHIL_2011_2012_TIV_ADULT_1DY_UP	HOEK_NEUTROPHIL_2011_2012_TIV_ADULT_1DY_UP		37	-0.46170306	-1.4986172	0.0729783	0.096913904	0.86	4929	tags=41%, list=17%, signal=49%	
HARALAMBIEVA_PBMC_TIV_AGE_50_74YO_CORRELATED_WITH_MEMORY_B_CELL_RESPONSE_3DY_POSITIVE	HARALAMBIEVA_PBMC_TIV_AGE_50_74YO_CORRELATED_WITH_MEMORY_B_CELL_RESPONSE_3DY_POSITIVE		15	-0.4972268	-1.4972968	0.0704501	0.09682025	0.861	2934	tags=33%, list=10%, signal=37%	
GAUCHER_PBMC_YF_VAX_STAMARIL_UNKNOWN_AGE_10DY_DN	GAUCHER_PBMC_YF_VAX_STAMARIL_UNKNOWN_AGE_10DY_DN		102	-0.44201553	-1.4902484	0.0804829	0.099726506	0.869	5930	tags=37%, list=21%, signal=47%	
THAKAR_PBMC_INACTIVATED_INFLUENZA_AGE_21_30YO_NONRESPONDER_28DY_DN	THAKAR_PBMC_INACTIVATED_INFLUENZA_AGE_21_30YO_NONRESPONDER_28DY_DN		61	-0.43431446	-1.4877323	0.08958333	0.100265115	0.871	1509	tags=20%, list=5%, signal=21%	
ZAK_PBMC_MRKAD5_HIV_1_GAG_POL_NEF_AGE_20_50YO_1DY_ADDNL_EXON_LVL_UP	ZAK_PBMC_MRKAD5_HIV_1_GAG_POL_NEF_AGE_20_50YO_1DY_ADDNL_EXON_LVL_UP		94	-0.30548644	-1.4147047	0.067307696	0.1432631	0.933	8185	tags=37%, list=29%, signal=52%	
FULLER_PBMC_F_TULARENSIS_VACCINE_LVS_AGE_22_54YO_18HR_DN	FULLER_PBMC_F_TULARENSIS_VACCINE_LVS_AGE_22_54YO_18HR_DN		21	-0.43836108	-1.4135841	0.09505703	0.14278623	0.934	1357	tags=24%, list=5%, signal=25%	
LI_PBMC_MENACTRA_AGE_18_45YO_CORRELATED_WITH_ANTI_POLYSACCHARIDE_ANTIBODY_3DY_NEGATIVE	LI_PBMC_MENACTRA_AGE_18_45YO_CORRELATED_WITH_ANTI_POLYSACCHARIDE_ANTIBODY_3DY_NEGATIVE		19	-0.43606758	-1.4073055	0.066	0.14596899	0.936	2449	tags=37%, list=9%, signal=40%	
ERWIN_COHEN_BLOOD_VACCINE_TC_83_AGE_23_48YO_VACCINATED_VS_CONTROL_2DY_DN	ERWIN_COHEN_BLOOD_VACCINE_TC_83_AGE_23_48YO_VACCINATED_VS_CONTROL_2DY_DN		32	-0.38771188	-1.4027935	0.114285715	0.14802177	0.942	2663	tags=25%, list=9%, signal=28%	
TSANG_PBMC_FLUVIRIN_PANDEMRIX_ADULT_CORR_WITH_CELL_FREQ_CD27HI_CD38HI_CD20_NEG_PLASMABLASTS_AND_CD38PLUS_OF_IGD_CD27PLUS_MEM_B_CELLS_7DY_POSITIVE	TSANG_PBMC_FLUVIRIN_PANDEMRIX_ADULT_CORR_WITH_CELL_FREQ_CD27HI_CD38HI_CD20_NEG_PLASMABLASTS_AND_CD38PLUS_OF_IGD_CD27PLUS_MEM_B_CELLS_7DY_POSITIVE		77	-0.35748836	-1.3955171	0.09411765	0.15155655	0.944	2619	tags=22%, list=9%, signal=24%	
HOFT_CD4_POSITIVE_ALPHA_BETA_MEMORY_T_CELL_BCG_VACCINE_AGE_18_45YO_56D_TOP_100_DEG_AFTER_IN_VITRO_RE_STIMULATION_DN	HOFT_CD4_POSITIVE_ALPHA_BETA_MEMORY_T_CELL_BCG_VACCINE_AGE_18_45YO_56D_TOP_100_DEG_AFTER_IN_VITRO_RE_STIMULATION_DN		47	-0.35025987	-1.3887074	0.08713693	0.15540096	0.948	4083	tags=26%, list=14%, signal=30%	
SCHERER_PBMC_APSV_WETVAX_AGE_18_32YO_50_TO_60DY_UP	SCHERER_PBMC_APSV_WETVAX_AGE_18_32YO_50_TO_60DY_UP		167	-0.271446	-1.3786625	0.07272727	0.16154408	0.957	4576	tags=22%, list=16%, signal=26%	
FRANCO_BLOOD_SANOFI_PASTEUR_SA_INACTIVATED_INFLUENZA_VACCINE_CORRELATED_WITH_ANTIBODY_RESPONSE_AGE_18_40YO_14DY_NEGATIVE	FRANCO_BLOOD_SANOFI_PASTEUR_SA_INACTIVATED_INFLUENZA_VACCINE_CORRELATED_WITH_ANTIBODY_RESPONSE_AGE_18_40YO_14DY_NEGATIVE		23	-0.36644128	-1.3776333	0.056818184	0.16098383	0.958	3640	tags=26%, list=13%, signal=30%	
GARCIA_PINERES_PBMC_HPV_16_L1_VLP_AGE_18_25YO_12MO_CORRELATED_WITH_ANTIBODY_RESPONSE_POSITIVE	GARCIA_PINERES_PBMC_HPV_16_L1_VLP_AGE_18_25YO_12MO_CORRELATED_WITH_ANTIBODY_RESPONSE_POSITIVE		21	-0.41987345	-1.3751115	0.09343936	0.16141309	0.959	464	tags=19%, list=2%, signal=19%	
NAKAYA_PLASMACYTOID_DENDRITIC_CELL_FLUARIX_FLUVIRIN_AGE_18_50YO_7DY_DN	NAKAYA_PLASMACYTOID_DENDRITIC_CELL_FLUARIX_FLUVIRIN_AGE_18_50YO_7DY_DN		192	-0.25387788	-1.3720156	0.05252101	0.16232319	0.96	4839	tags=22%, list=17%, signal=27%	
FRANCO_BLOOD_SANOFI_PASTEUR_SA_INACTIVATED_INFLUENZA_VACCINE_CORRELATED_WITH_ANTIBODY_RESPONSE_AGE_18_40YO_1DY_NEGATIVE	FRANCO_BLOOD_SANOFI_PASTEUR_SA_INACTIVATED_INFLUENZA_VACCINE_CORRELATED_WITH_ANTIBODY_RESPONSE_AGE_18_40YO_1DY_NEGATIVE		20	-0.3933489	-1.3665613	0.124236256	0.16503273	0.961	4530	tags=30%, list=16%, signal=36%	
SOBOLEV_PBMC_PANDEMRIX_AGE_18_64YO_RESPONDERS_VS_NONRESPONDERS_7DY_UP	SOBOLEV_PBMC_PANDEMRIX_AGE_18_64YO_RESPONDERS_VS_NONRESPONDERS_7DY_UP		22	-0.48841438	-1.295542	0.203125	0.2213477	0.984	7740	tags=36%, list=27%, signal=50%	
QI_PBMC_ZOSTAVAX_AGE_50_75YO_CORRELATED_WITH_CONTRACTION_OF_VZV_SPECIFIC_T_CELLS_PEAK_TO_28DYAT_1DY_NEGATIVE	QI_PBMC_ZOSTAVAX_AGE_50_75YO_CORRELATED_WITH_CONTRACTION_OF_VZV_SPECIFIC_T_CELLS_PEAK_TO_28DYAT_1DY_NEGATIVE		170	-0.29072446	-1.2795967	0.20220588	0.23454882	0.991	4749	tags=21%, list=17%, signal=25%	
SCHERER_PBMC_APSV_WETVAX_AGE_18_32YO_2_TO_4DY_DN	SCHERER_PBMC_APSV_WETVAX_AGE_18_32YO_2_TO_4DY_DN		30	-0.39569405	-1.2732655	0.21468927	0.23860215	0.993	971	tags=13%, list=3%, signal=14%	
HOWARD_DENDRITIC_CELL_INACT_MONOV_INFLUENZA_A_INDONESIA_05_2005_H5N1_AGE_18_49YO_1DY_DN	HOWARD_DENDRITIC_CELL_INACT_MONOV_INFLUENZA_A_INDONESIA_05_2005_H5N1_AGE_18_49YO_1DY_DN		39	-0.3286239	-1.2658895	0.14038461	0.24339339	0.993	3187	tags=31%, list=11%, signal=35%	
GAUCHER_PBMC_YF_VAX_STAMARIL_UNKNOWN_AGE_60DY_DN	GAUCHER_PBMC_YF_VAX_STAMARIL_UNKNOWN_AGE_60DY_DN		33	-0.4697116	-1.2412442	0.27137548	0.26483792	0.994	8630	tags=58%, list=30%, signal=83%	
FRANCO_BLOOD_SANOFI_PASTEUR_SA_INACTIVATED_INFLUENZA_VACCINE_CORRELATED_WITH_ANTIBODY_RESPONSE_AGE_18_40YO_3DY_POSITIVE	FRANCO_BLOOD_SANOFI_PASTEUR_SA_INACTIVATED_INFLUENZA_VACCINE_CORRELATED_WITH_ANTIBODY_RESPONSE_AGE_18_40YO_3DY_POSITIVE		18	-0.3652221	-1.2306287	0.20120725	0.2733226	0.997	1426	tags=22%, list=5%, signal=23%	
VAN_DEN_BIGGELAAR_PBMC_PREVNAR_9MO_INFANT_STIMULATED_VS_UNSTIMULATED_8MO_UP	VAN_DEN_BIGGELAAR_PBMC_PREVNAR_9MO_INFANT_STIMULATED_VS_UNSTIMULATED_8MO_UP		75	-0.3265177	-1.2284553	0.17293233	0.27310863	0.997	4789	tags=32%, list=17%, signal=38%	
HOEK_MONOCYTE_2011_2012_TIV_ADULT_1DY_DN	HOEK_MONOCYTE_2011_2012_TIV_ADULT_1DY_DN		15	-0.44339067	-1.2084432	0.25736737	0.29082668	0.997	5007	tags=33%, list=18%, signal=40%	
ANDERSON_BLOOD_CN54GP140_ADJUVANTED_WITH_GLA_AF_AGE_18_45YO_3DY_DN	ANDERSON_BLOOD_CN54GP140_ADJUVANTED_WITH_GLA_AF_AGE_18_45YO_3DY_DN		33	-0.3538487	-1.2013546	0.26008064	0.2966186	0.998	4753	tags=33%, list=17%, signal=40%	
VAN_DEN_BIGGELAAR_PBMC_PREVNAR_9MO_INFANT_STIMULATED_VS_UNSTIMULATED_9MO_UP	VAN_DEN_BIGGELAAR_PBMC_PREVNAR_9MO_INFANT_STIMULATED_VS_UNSTIMULATED_9MO_UP		120	-0.34882197	-1.198307	0.25296444	0.2975326	0.998	4925	tags=30%, list=17%, signal=36%	
LI_PBMC_MENOMUNE_A_C_Y_W_135_AGE_18_45YO_3DY_DN	LI_PBMC_MENOMUNE_A_C_Y_W_135_AGE_18_45YO_3DY_DN		16	-0.42131555	-1.197905	0.28431374	0.2957866	0.998	900	tags=19%, list=3%, signal=19%	
HOFT_CD4_POSITIVE_ALPHA_BETA_MEMORY_T_CELL_BCG_VACCINE_AGE_18_45YO_7DY_UP	HOFT_CD4_POSITIVE_ALPHA_BETA_MEMORY_T_CELL_BCG_VACCINE_AGE_18_45YO_7DY_UP		40	-0.31176656	-1.1971219	0.22535211	0.2945161	0.998	3656	tags=20%, list=13%, signal=23%	
FULLER_PBMC_F_TULARENSIS_VACCINE_LVS_AGE_22_54YO_336HR_DN	FULLER_PBMC_F_TULARENSIS_VACCINE_LVS_AGE_22_54YO_336HR_DN		32	-0.36490935	-1.1948185	0.27083334	0.29469454	0.998	2517	tags=22%, list=9%, signal=24%	
THAKAR_PBMC_INACTIVATED_INFLUENZA_AGE_21_30YO_NONRESPONDER_7DY_DN	THAKAR_PBMC_INACTIVATED_INFLUENZA_AGE_21_30YO_NONRESPONDER_7DY_DN		72	-0.3178474	-1.1906337	0.29058117	0.29706407	0.998	5236	tags=25%, list=18%, signal=31%	
NAKAYA_MYELOID_DENDRITIC_CELL_FLUMIST_AGE_18_50YO_7DY_DN	NAKAYA_MYELOID_DENDRITIC_CELL_FLUMIST_AGE_18_50YO_7DY_DN		264	-0.2172678	-1.1768944	0.22574258	0.30929998	0.998	3070	tags=13%, list=11%, signal=15%	
NAKAYA_MONOCYTE_FLUARIX_FLUVIRIN_AGE_18_50YO_7DY_UP	NAKAYA_MONOCYTE_FLUARIX_FLUVIRIN_AGE_18_50YO_7DY_UP		87	-0.25446457	-1.1725675	0.27162978	0.311683	0.998	5066	tags=26%, list=18%, signal=32%	
NAKAYA_MYELOID_DENDRITIC_CELL_FLUARIX_FLUVIRIN_AGE_18_50YO_7DY_DN	NAKAYA_MYELOID_DENDRITIC_CELL_FLUARIX_FLUVIRIN_AGE_18_50YO_7DY_DN		266	-0.2282261	-1.1699768	0.29387754	0.3121449	0.999	5236	tags=23%, list=18%, signal=27%	
OVSYANNIKOVA_PBMC_FLUARIX_AGE_55_64YO_RESPONDERS_VS_NONRESPONDERS_0DY_DN	OVSYANNIKOVA_PBMC_FLUARIX_AGE_55_64YO_RESPONDERS_VS_NONRESPONDERS_0DY_DN		17	-0.42092955	-1.1693186	0.3079922	0.31083116	0.999	6045	tags=41%, list=21%, signal=52%	
GAUCHER_PBMC_YF_VAX_STAMARIL_UNKNOWN_AGE_14DY_UP	GAUCHER_PBMC_YF_VAX_STAMARIL_UNKNOWN_AGE_14DY_UP		58	-0.33601677	-1.1494273	0.34362933	0.32929513	1.0	3625	tags=26%, list=13%, signal=30%	
HARALAMBIEVA_PBMC_FLUARIX_AGE_50_74YO_CORR_WITH_28D_MEM_B_CELL_RESPONSE_AT_28DY_LATE_GENE_EXPR_INDIVID_GENE_MODELS_PRED_PEAK_B_CELL_ELISPOT_RESP_POSITIVE	HARALAMBIEVA_PBMC_FLUARIX_AGE_50_74YO_CORR_WITH_28D_MEM_B_CELL_RESPONSE_AT_28DY_LATE_GENE_EXPR_INDIVID_GENE_MODELS_PRED_PEAK_B_CELL_ELISPOT_RESP_POSITIVE		16	-0.40511107	-1.1362481	0.33808553	0.3418093	1.0	9395	tags=56%, list=33%, signal=84%	
OVSYANNIKOVA_PBMC_FLUARIX_AGE_50_74YO_COMMON_WITH_BOTH_HAI_AND_VNA_28DY_VS_3DY_USED_IN_HAI_AND_VNA_RESPONSE_MODELS_DN	OVSYANNIKOVA_PBMC_FLUARIX_AGE_50_74YO_COMMON_WITH_BOTH_HAI_AND_VNA_28DY_VS_3DY_USED_IN_HAI_AND_VNA_RESPONSE_MODELS_DN		18	-0.40690228	-1.13608	0.34146342	0.33968762	1.0	6849	tags=44%, list=24%, signal=59%	
HOEK_NK_CELL_2011_2012_TIV_7D_VS_0DY_ADULT_7D_DN	HOEK_NK_CELL_2011_2012_TIV_7D_VS_0DY_ADULT_7D_DN		19	-0.33224332	-1.131725	0.29025844	0.34229872	1.0	476	tags=11%, list=2%, signal=11%	
GARCIA_PINERES_PBMC_HPV_16_L1_VLP_AGE_18_25YO_STIMULATED_VS_UNSTIMULATED_0DY_VACCINATION_INDEPENDENT_DN	GARCIA_PINERES_PBMC_HPV_16_L1_VLP_AGE_18_25YO_STIMULATED_VS_UNSTIMULATED_0DY_VACCINATION_INDEPENDENT_DN		127	-0.23912168	-1.1050042	0.2818004	0.3700651	1.0	4837	tags=26%, list=17%, signal=31%	
SCHERER_PBMC_YF_VAX_AGE_18_40YO_4_TO_7DY_DN	SCHERER_PBMC_YF_VAX_AGE_18_40YO_4_TO_7DY_DN		199	-0.27963772	-1.0969359	0.38019803	0.37631258	1.0	6178	tags=24%, list=22%, signal=31%	
ERWIN_COHEN_PBMC_TC_83_AGE_18_45YO_NAIVE_NOT_PREVIOUSLY_IMMUNIZED_24HR_DEG_CANONICAL_PATHWAY_MEMBERS_UP	ERWIN_COHEN_PBMC_TC_83_AGE_18_45YO_NAIVE_NOT_PREVIOUSLY_IMMUNIZED_24HR_DEG_CANONICAL_PATHWAY_MEMBERS_UP		27	-0.39803407	-1.0740429	0.42941177	0.40080842	1.0	810	tags=15%, list=3%, signal=15%	
NAKAYA_B_CELL_FLUARIX_FLUVIRIN_AGE_18_50YO_7DY_UP	NAKAYA_B_CELL_FLUARIX_FLUVIRIN_AGE_18_50YO_7DY_UP		365	-0.19337547	-1.0693418	0.36978132	0.4035372	1.0	5401	tags=21%, list=19%, signal=26%	
HOWARD_NK_CELL_INACT_MONOV_INFLUENZA_A_INDONESIA_05_2005_H5N1_AGE_18_49YO_3DY_UP	HOWARD_NK_CELL_INACT_MONOV_INFLUENZA_A_INDONESIA_05_2005_H5N1_AGE_18_49YO_3DY_UP		68	-0.36515346	-1.0361525	0.45759368	0.4411462	1.0	6028	tags=35%, list=21%, signal=45%	
HOEK_PBMC_INACTIVATED_INFLUENZA_ADULT_7DY_UP	HOEK_PBMC_INACTIVATED_INFLUENZA_ADULT_7DY_UP		49	-0.37412366	-1.0317886	0.44642857	0.44345644	1.0	3715	tags=29%, list=13%, signal=33%	
OCONNOR_PBMC_MENVEO_ACWYVAX_AGE_30_70YO_7DY_AFTER_SECOND_DOSE_VS_7DY_AFTER_FIRST_DOSE_DN	OCONNOR_PBMC_MENVEO_ACWYVAX_AGE_30_70YO_7DY_AFTER_SECOND_DOSE_VS_7DY_AFTER_FIRST_DOSE_DN		242	-0.19947773	-1.0265863	0.44376278	0.44698703	1.0	1315	tags=8%, list=5%, signal=8%	
SCHERER_PBMC_YF_VAX_AGE_18_40YO_ANYD_DN	SCHERER_PBMC_YF_VAX_AGE_18_40YO_ANYD_DN		16	-0.35737723	-1.0141804	0.42885375	0.45997113	1.0	4650	tags=25%, list=16%, signal=30%	
OCONNOR_PBMC_MENVEO_ACWYVAX_AGE_30_70YO_7DY_AFTER_SECOND_DOSE_VS_7DY_AFTER_FIRST_DOSE_UP	OCONNOR_PBMC_MENVEO_ACWYVAX_AGE_30_70YO_7DY_AFTER_SECOND_DOSE_VS_7DY_AFTER_FIRST_DOSE_UP		144	-0.22496997	-1.0130008	0.4460285	0.45834053	1.0	4117	tags=17%, list=14%, signal=19%	
ERWIN_COHEN_PBMC_TC_83_AGE_18_45YO_NON_RESPONDERS_PREVIOUSLY_IMMUNIZED_24HR_DEG_CANONICAL_PATHWAY_MEMBERS_UP	ERWIN_COHEN_PBMC_TC_83_AGE_18_45YO_NON_RESPONDERS_PREVIOUSLY_IMMUNIZED_24HR_DEG_CANONICAL_PATHWAY_MEMBERS_UP		18	-0.34696347	-1.0074661	0.45366797	0.4620936	1.0	3049	tags=22%, list=11%, signal=25%	
DHIMAN_PBMC_ATTENUVAX_AGE_15_25YO_SUBQ_7_OR_14DY_UP	DHIMAN_PBMC_ATTENUVAX_AGE_15_25YO_SUBQ_7_OR_14DY_UP		47	-0.22727546	-0.94339985	0.5866935	0.5394604	1.0	1569	tags=13%, list=6%, signal=13%	
GARCIA_PINERES_PBMC_HPV_16_L1_VLP_AGE_18_25YO_7MO_CORRELATED_WITH_ANTIBODY_RESPONSE_POSITIVE	GARCIA_PINERES_PBMC_HPV_16_L1_VLP_AGE_18_25YO_7MO_CORRELATED_WITH_ANTIBODY_RESPONSE_POSITIVE		21	-0.30491647	-0.9385677	0.53136533	0.5422184	1.0	4451	tags=29%, list=16%, signal=34%	
HOWARD_MONOCYTE_INACT_MONOV_INFLUENZA_A_INDONESIA_05_2005_H5N1_AGE_18_49YO_1DY_DN	HOWARD_MONOCYTE_INACT_MONOV_INFLUENZA_A_INDONESIA_05_2005_H5N1_AGE_18_49YO_1DY_DN		37	-0.27207538	-0.90922385	0.61133605	0.57719785	1.0	4128	tags=24%, list=15%, signal=28%	
ANDERSON_BLOOD_CN54GP140_ADJUVANTED_WITH_GLA_AF_AGE_18_45YO_6HR_DN	ANDERSON_BLOOD_CN54GP140_ADJUVANTED_WITH_GLA_AF_AGE_18_45YO_6HR_DN		59	-0.20092653	-0.905945	0.664	0.57798135	1.0	6205	tags=27%, list=22%, signal=35%	
SOBOLEV_PBMC_PANDEMRIX_AGE_18_64YO_CORRELATED_WITH_AGE_1DY_POSITIVE	SOBOLEV_PBMC_PANDEMRIX_AGE_18_64YO_CORRELATED_WITH_AGE_1DY_POSITIVE		30	-0.268948	-0.8963883	0.5961165	0.58739614	1.0	3513	tags=20%, list=12%, signal=23%	
GARCIA_PINERES_PBMC_HPV_16_L1_VLP_AGE_18_25YO_12MO_CORRELATED_WITH_ANTIBODY_RESPONSE_NEGATIVE	GARCIA_PINERES_PBMC_HPV_16_L1_VLP_AGE_18_25YO_12MO_CORRELATED_WITH_ANTIBODY_RESPONSE_NEGATIVE		20	-0.2702117	-0.8839402	0.668	0.6002572	1.0	7151	tags=35%, list=25%, signal=47%	
HOFT_CD4_POSITIVE_ALPHA_BETA_MEMORY_T_CELL_BCG_VACCINE_AGE_18_45YO_ID_7DY_TOP_100_DEG_EX_VIVO_UP	HOFT_CD4_POSITIVE_ALPHA_BETA_MEMORY_T_CELL_BCG_VACCINE_AGE_18_45YO_ID_7DY_TOP_100_DEG_EX_VIVO_UP		28	-0.23439062	-0.8119185	0.69753087	0.69023633	1.0	5784	tags=29%, list=20%, signal=36%	
HOEK_MYELOID_DENDRITIC_CELL_2011_2012_TIV_ADULT_7DY_UP	HOEK_MYELOID_DENDRITIC_CELL_2011_2012_TIV_ADULT_7DY_UP		27	-0.26797926	-0.81107205	0.6995885	0.68735087	1.0	3026	tags=19%, list=11%, signal=21%	
KENNEDY_PBMC_DRYVAX_AGE_18_50YO_STIMULATED_VS_UNSTIMULATED_1_TO_48MO_TOP_DEG_UP	KENNEDY_PBMC_DRYVAX_AGE_18_50YO_STIMULATED_VS_UNSTIMULATED_1_TO_48MO_TOP_DEG_UP		20	-0.24095185	-0.7608883	0.7920792	0.7454569	1.0	4037	tags=20%, list=14%, signal=23%	
HOEK_NEUTROPHIL_2011_2012_TIV_ADULT_7DY_UP	HOEK_NEUTROPHIL_2011_2012_TIV_ADULT_7DY_UP		19	-0.2776651	-0.75820905	0.7675781	0.7445076	1.0	4841	tags=37%, list=17%, signal=44%	
SOBOLEV_T_CELL_PANDEMRIX_AGE_18_64YO_1DY_UP	SOBOLEV_T_CELL_PANDEMRIX_AGE_18_64YO_1DY_UP		23	-0.23277277	-0.7326661	0.75243664	0.77160114	1.0	5383	tags=22%, list=19%, signal=27%	
NAKAYA_PBMC_FLUMIST_AGE_18_50YO_7DY_IFN_SUBSET_UP	NAKAYA_PBMC_FLUMIST_AGE_18_50YO_7DY_IFN_SUBSET_UP		33	-0.22741883	-0.69883364	0.7763975	0.80446714	1.0	6761	tags=27%, list=24%, signal=36%	
HARALAMBIEVA_PBMC_DRYVAX_AGE_18_40YO_STIMULATED_VS_UNSTIMULATED_9_TO_34MO_UP	HARALAMBIEVA_PBMC_DRYVAX_AGE_18_40YO_STIMULATED_VS_UNSTIMULATED_9_TO_34MO_UP		15	-0.21016252	-0.6152269	0.89065605	0.8817785	1.0	555	tags=7%, list=2%, signal=7%	
SCHERER_PBMC_YF_VAX_OR_APSV_WETVAX_AGE_18_40YO_JOINT_TO_VACCINIA_AND_YELLOW_FEVER_DN	SCHERER_PBMC_YF_VAX_OR_APSV_WETVAX_AGE_18_40YO_JOINT_TO_VACCINIA_AND_YELLOW_FEVER_DN		16	-0.24219584	-0.5542021	0.91549295	0.9238753	1.0	210	tags=6%, list=1%, signal=6%	
